<Extensions><Version>1.11</Version><Panel>
    <PanelId>wallpaperPageId</PanelId>
    <Origin>local</Origin>
    <Order>2</Order>
    <Location>HomeScreen</Location>
    <Icon>Blinds</Icon>
    <Name>Wallpaper</Name>
    <ActivityType>Custom</ActivityType>
    <Page>
      <Name>Wallpaper</Name>
      <Row>
        <Name>Static Images</Name>
        <Widget>
          <WidgetId>staticImages</WidgetId>
          <Type>GroupButton</Type>
          <Options>size=4</Options>
          <ValueSpace>
            <Value>
              <Key>1</Key>
              <Name>Forest</Name>
            </Value>
            <Value>
              <Key>2</Key>
              <Name>Beach</Name>
            </Value>
            <Value>
              <Key>3</Key>
              <Name>Waterfall</Name>
            </Value>
          </ValueSpace>
        </Widget>
      </Row>
      <Row>
        <Name>Dynamic Video (Time only)</Name>
        <Widget>
          <WidgetId>liveVideoTime</WidgetId>
          <Type>GroupButton</Type>
          <Options>size=4</Options>
          <ValueSpace>
            <Value>
              <Key>1</Key>
              <Name>Smoke</Name>
            </Value>
            <Value>
              <Key>2</Key>
              <Name>B</Name>
            </Value>
            <Value>
              <Key>3</Key>
              <Name>C</Name>
            </Value>
          </ValueSpace>
        </Widget>
      </Row>
      <Row>
        <Name>Dynamic Video (OBTP)</Name>
        <Widget>
          <WidgetId>liveVideoObtp</WidgetId>
          <Type>GroupButton</Type>
          <Options>size=4</Options>
          <ValueSpace>
            <Value>
              <Key>1</Key>
              <Name>Ocean</Name>
            </Value>
            <Value>
              <Key>2</Key>
              <Name>Fire by Lake</Name>
            </Value>
            <Value>
              <Key>3</Key>
              <Name>Utah</Name>
            </Value>
          </ValueSpace>
        </Widget>
      </Row>
      <Row>
        <Name/>
      </Row>
      <Row>
        <Name/>
        <Widget>
          <WidgetId>screensaverClose</WidgetId>
          <Name>Close</Name>
          <Type>Button</Type>
          <Options>size=4</Options>
        </Widget>
      </Row>
      <Options/>
    </Page>
  </Panel>
</Extensions>